date,path,title,count,uniques
2026-01-01,/nasuni-labs/nasuni-mcp-desktop,nasuni-labs/nasuni-mcp-desktop: A local Model Context Protocol (MCP) Server S...,9,8
2026-01-01,/nasuni-labs/nasuni-mcp-desktop/community,Community Standards · GitHub,1,1
2026-01-01,/nasuni-labs/nasuni-mcp-desktop/network,Network Graph · nasuni-labs/nasuni-mcp-desktop · GitHub,1,1
2026-01-01,/nasuni-labs/nasuni-mcp-desktop/tree/main/mcp,nasuni-mcp-desktop/mcp at main · nasuni-labs/nasuni-mcp-desktop,1,1
2026-01-01,/nasuni-labs/nasuni-mcp-desktop/tree/main/mcp/app,nasuni-mcp-desktop/mcp/app at main · nasuni-labs/nasuni-mcp-desktop,1,1
2026-01-02,/nasuni-labs/nasuni-mcp-desktop,nasuni-labs/nasuni-mcp-desktop: A local Model Context Protocol (MCP) Server S...,8,8
2026-01-02,/nasuni-labs/nasuni-mcp-desktop/tree/main/mcp,nasuni-mcp-desktop/mcp at main · nasuni-labs/nasuni-mcp-desktop,1,1
2026-01-02,/nasuni-labs/nasuni-mcp-desktop/tree/main/mcp/app,nasuni-mcp-desktop/mcp/app at main · nasuni-labs/nasuni-mcp-desktop,1,1
2026-01-03,/nasuni-labs/nasuni-mcp-desktop,nasuni-labs/nasuni-mcp-desktop: A local Model Context Protocol (MCP) Server S...,7,7
2026-01-03,/nasuni-labs/nasuni-mcp-desktop/tree/main/mcp,nasuni-mcp-desktop/mcp at main · nasuni-labs/nasuni-mcp-desktop,1,1
2026-01-03,/nasuni-labs/nasuni-mcp-desktop/tree/main/mcp/app,nasuni-mcp-desktop/mcp/app at main · nasuni-labs/nasuni-mcp-desktop,1,1
2026-01-04,/nasuni-labs/nasuni-mcp-desktop,nasuni-labs/nasuni-mcp-desktop: A local Model Context Protocol (MCP) Server S...,7,6
2026-01-04,/nasuni-labs/nasuni-mcp-desktop/tree/main/mcp,nasuni-mcp-desktop/mcp at main · nasuni-labs/nasuni-mcp-desktop,1,1
2026-01-04,/nasuni-labs/nasuni-mcp-desktop/tree/main/mcp/app,nasuni-mcp-desktop/mcp/app at main · nasuni-labs/nasuni-mcp-desktop,1,1
2026-01-05,/nasuni-labs/nasuni-mcp-desktop,nasuni-labs/nasuni-mcp-desktop: A local Model Context Protocol (MCP) Server S...,8,6
2026-01-05,/nasuni-labs/nasuni-mcp-desktop/tree/main/mcp,nasuni-mcp-desktop/mcp at main · nasuni-labs/nasuni-mcp-desktop,1,1
2026-01-05,/nasuni-labs/nasuni-mcp-desktop/tree/main/mcp/app,nasuni-mcp-desktop/mcp/app at main · nasuni-labs/nasuni-mcp-desktop,1,1
2026-01-06,/nasuni-labs/nasuni-mcp-desktop,nasuni-labs/nasuni-mcp-desktop: A local Model Context Protocol (MCP) Server S...,8,6
2026-01-06,/nasuni-labs/nasuni-mcp-desktop/tree/main/mcp,nasuni-mcp-desktop/mcp at main · nasuni-labs/nasuni-mcp-desktop,1,1
2026-01-06,/nasuni-labs/nasuni-mcp-desktop/tree/main/mcp/app,nasuni-mcp-desktop/mcp/app at main · nasuni-labs/nasuni-mcp-desktop,1,1
2026-01-07,/nasuni-labs/nasuni-mcp-desktop,nasuni-labs/nasuni-mcp-desktop: A local Model Context Protocol (MCP) Server S...,12,8
2026-01-08,/nasuni-labs/nasuni-mcp-desktop,nasuni-labs/nasuni-mcp-desktop: A local Model Context Protocol (MCP) Server S...,14,9
2026-01-08,/nasuni-labs/nasuni-mcp-desktop/blob/main/nasuni-mcp-desktop-solution.dxt,nasuni-mcp-desktop/nasuni-mcp-desktop-solution.dxt at main · nasuni-labs/nasu...,1,1
2026-01-08,/nasuni-labs/nasuni-mcp-desktop/graphs/contributors,Contributors to nasuni-labs/nasuni-mcp-desktop,1,1
2026-01-08,/nasuni-labs/nasuni-mcp-desktop/tree/main,nasuni-labs/nasuni-mcp-desktop: A local Model Context Protocol (MCP) Server S...,1,1
2026-01-09,/nasuni-labs/nasuni-mcp-desktop,nasuni-labs/nasuni-mcp-desktop: A local Model Context Protocol (MCP) Server S...,16,10
2026-01-09,/nasuni-labs/nasuni-mcp-desktop/blob/main/README.md,nasuni-mcp-desktop/README.md at main · nasuni-labs/nasuni-mcp-desktop · GitHub,1,1
2026-01-09,/nasuni-labs/nasuni-mcp-desktop/blob/main/nasuni-mcp-desktop-solution.dxt,nasuni-mcp-desktop/nasuni-mcp-desktop-solution.dxt at main · nasuni-labs/nasu...,1,1
2026-01-09,/nasuni-labs/nasuni-mcp-desktop/graphs/contributors,Contributors to nasuni-labs/nasuni-mcp-desktop,1,1
2026-01-09,/nasuni-labs/nasuni-mcp-desktop/tree/main,nasuni-labs/nasuni-mcp-desktop: A local Model Context Protocol (MCP) Server S...,1,1
2026-01-10,/nasuni-labs/nasuni-mcp-desktop,nasuni-labs/nasuni-mcp-desktop: A local Model Context Protocol (MCP) Server S...,17,11
2026-01-10,/nasuni-labs/nasuni-mcp-desktop/blob/main/README.md,nasuni-mcp-desktop/README.md at main · nasuni-labs/nasuni-mcp-desktop · GitHub,1,1
2026-01-10,/nasuni-labs/nasuni-mcp-desktop/blob/main/nasuni-mcp-desktop-solution.dxt,nasuni-mcp-desktop/nasuni-mcp-desktop-solution.dxt at main · nasuni-labs/nasu...,1,1
2026-01-10,/nasuni-labs/nasuni-mcp-desktop/graphs/contributors,Contributors to nasuni-labs/nasuni-mcp-desktop,1,1
2026-01-10,/nasuni-labs/nasuni-mcp-desktop/tree/main,nasuni-labs/nasuni-mcp-desktop: A local Model Context Protocol (MCP) Server S...,1,1
